label,n_samples,peak_mag_g,ax_mean,ax_std,ax_min,ax_max,ay_mean,ay_std,ay_min,ay_max,az_mean,az_std,az_min,az_max,gx_mean,gx_std,gx_min,gx_max,gy_mean,gy_std,gy_min,gy_max,gz_mean,gz_std,gz_min,gz_max
still,102,0.05394188169936576,0.0374421568627451,0.0006152372847695024,0.0359,0.0386,0.013772549019607843,0.0006545701871839407,0.0125,0.0154,-1.0514882352941177,0.0007781695613459264,-1.0532,-1.0496,4.458294117647059,0.13423878258428767,4.062,4.875,2.751529411764706,0.11954576659764532,2.469,3.0,0.07296078431372549,0.2298784385307714,-0.375,0.594
still,104,0.10519024154215195,0.03731442307692308,0.001109696620809799,0.0334,0.0405,0.013804807692307693,0.000703614269284548,0.0122,0.0156,-1.0518990384615383,0.01429715877632488,-1.1045,-0.9958,4.435740384615385,0.1752440603181036,4.031,4.781,2.736769230769231,0.15939966887628662,2.375,3.031,0.033375,0.22831069365349155,-0.344,0.562
still,101,0.06415095263782944,0.037190099009900994,0.0013289990985920293,0.0337,0.04,0.013894059405940594,0.001102636065753627,0.012,0.0161,-1.0515584158415843,0.004762752913203055,-1.0635,-1.0361,4.441554455445544,0.11778680818801106,4.125,4.781,2.7607920792079206,0.14987528259623284,2.5,3.156,0.04671287128712871,0.238481887417911,-0.438,0.594
still,105,0.06164205361317521,0.0373352380952381,0.0011853053416037858,0.0337,0.0403,0.013760000000000001,0.0010050917986977727,0.0117,0.0159,-1.051195238095238,0.003327243416528832,-1.061,-1.041,4.434238095238095,0.1527533039972824,4.125,4.844,2.750304761904762,0.1417884489760663,2.5,3.125,0.034485714285714286,0.20633265393929448,-0.312,0.594
still,101,0.394918506580223,0.047012871287128714,0.05696657290367197,-0.031,0.3528,0.007342574257425743,0.023298133807619723,-0.0874,0.0513,-1.0768148514851485,0.05979598215936991,-1.3494,-1.0457,10.021336633663367,13.113700011273998,-2.125,49.0,18.219356435643565,37.1568429985047,-4.531,142.344,15.211653465346535,21.844063890589393,-0.156,69.688
still,104,0.5180531150127785,-0.0010923076923076932,0.3756975260694094,-0.7073,0.4141,-0.2908307692307692,0.17970506289522706,-0.6365,-0.0088,-0.5648682692307692,0.6657996050534366,-1.4717,0.5432,271.33290384615384,101.75590009642224,54.188,469.5,-14.534269230769231,49.64848597432654,-98.938,126.875,150.88126923076922,35.70704384217133,44.875,209.25
still,101,0.1893669282437611,-0.8924861386138613,0.07150086066047533,-1.0286,-0.7126,-0.060309900990099016,0.029995334637076432,-0.167,-0.0217,0.5267821782178218,0.05516135538516647,0.4338,0.6304,43.868801980198015,57.002512940093624,-15.719,169.812,4.984247524752475,9.030461241036374,-18.312,26.75,31.296148514851485,53.94821674539063,-34.219,143.0
still,104,0.353078013271962,-0.44387788461538463,0.5827658160340505,-1.0847,0.5417,-0.20773846153846154,0.08997136543163683,-0.3672,-0.0513,0.20873557692307693,0.5473592265312588,-1.0386,0.7673,-239.5504903846154,148.1231260889578,-461.594,-14.188,-24.288163461538463,37.47770930836257,-108.156,50.531,-157.59315384615383,73.03994485142638,-258.219,-28.656
still,101,0.7398705009281583,0.23589603960396038,0.14949277734848854,0.0447,0.5549,-0.24001782178217823,0.09613194974404712,-0.449,-0.0647,-1.171310891089109,0.16324457439530107,-1.6667,-1.0376,-36.595,92.70115093083251,-240.594,65.281,-0.5544653465346538,47.80168054682057,-112.281,91.094,-4.8855346534653465,22.36733575780237,-63.094,23.281
still,104,0.23772484018056272,0.5860576923076923,0.29896260336379726,0.0337,0.95,0.02016346153846154,0.3312588527286398,-0.4849,0.5259,-0.6801807692307692,0.1464054269938599,-1.0146,-0.4604,8.015625,38.576726870013296,-52.125,72.938,78.9611923076923,24.427009395369694,29.688,122.656,-123.11599038461539,29.169416582762736,-181.156,-63.812
still,101,0.2974767589440668,0.9026059405940594,0.03006494890779218,0.8582,1.0112,0.4333930693069307,0.048326929658145217,0.3794,0.5413,-0.48568019801980195,0.042560540502695456,-0.6245,-0.4214,-1.806930693069307,10.419112561986983,-35.688,12.969,10.218475247524752,10.34300918025565,-2.531,49.906,-1.6840693069306931,16.38201550799252,-61.812,10.438
still,103,0.1717487913371194,0.9083951456310679,0.033629897062511245,0.845,0.9817,0.36321553398058254,0.04827938866996902,0.2578,0.4363,-0.5010776699029126,0.05004702823692279,-0.6006,-0.436,1.569504854368932,11.999315841236259,-21.094,16.875,-23.35714563106796,17.43584478501518,-55.094,7.875,39.29823300970874,29.698755738770327,4.375,90.125
still,102,0.14502249322884486,0.4760754901960784,0.2734706524155798,0.0657,0.9431,-0.12942647058823528,0.20095529203618195,-0.332,0.2766,-0.8064960784313726,0.13937438853928555,-1.053,-0.5725,-35.564313725490194,7.963800203790276,-49.469,-18.312,-83.1044705882353,39.395927656744036,-173.938,-21.875,99.33761764705882,36.664694533517654,30.438,147.281
still,104,0.12239580362722324,0.05703461538461538,0.0428611393142274,-0.0115,0.1567,-0.08727596153846154,0.05830007668419602,-0.2031,-0.0049,-1.0746807692307692,0.04091215278572041,-1.1174,-0.9639,-18.064903846153847,14.598115993115233,-37.562,16.438,-15.952567307692307,19.027592160801046,-47.188,7.594,1.5441442307692308,15.278190720774216,-17.594,29.562
still,101,0.07559376160332931,0.07228019801980198,0.016727170165421478,0.0388,0.0996,-0.041704950495049506,0.009254909066502622,-0.0657,-0.0164,-1.046540594059406,0.01357405926005955,-1.0713,-1.019,6.316900990099009,3.2227816209503946,2.906,16.625,4.143267326732674,1.9845630683101947,0.438,10.25,-1.2373069306930693,2.668329294263591,-8.281,2.5
still,104,0.0798310099270163,0.09276346153846153,0.007262125903145448,0.0813,0.1125,-0.040878846153846154,0.004268819713405817,-0.052,-0.033,-1.0481798076923077,0.010921198333513623,-1.0747,-1.0256,4.906567307692308,1.6941119738922392,1.688,8.469,2.0747980769230767,2.1314351267659277,-2.062,6.75,-0.40015384615384614,0.8131543373378518,-1.781,1.125
still,100,0.13129812604812519,0.19453700000000002,0.05226354686586053,0.0967,0.281,-0.090261,0.04630839642008779,-0.1826,-0.0063,-1.042634,0.02213840202001942,-1.0945,-0.9995,20.07909,7.841373291834792,8.594,45.469,24.604380000000003,7.543131369371741,6.062,37.031,2.85498,4.738099901817183,-5.875,11.906
still,104,0.5051378840491658,0.4333663461538461,0.16072340945919442,0.219,0.739,-0.4551759615384615,0.21952500010739634,-0.8003,-0.1724,-0.8739423076923077,0.3372999166720654,-1.272,-0.1133,151.26625,74.21662984320733,39.125,246.375,43.84796153846154,28.908880672036734,-11.656,104.312,43.31549038461538,39.42743713822101,-6.219,95.531
still,98,-0.00996894998187059,0.13934081632653061,0.041690741488539435,0.064,0.2402,-0.7863591836734694,0.03137982205154567,-0.8479,-0.7239,0.3267826530612245,0.18444962866704354,-0.1863,0.5598,94.98664285714287,58.64785787243648,12.125,209.344,10.90334693877551,14.107865980817039,-20.562,38.625,7.719357142857143,20.461448940380443,-16.344,62.188
still,103,-0.013145228516373897,0.1440233009708738,0.020782555249435147,0.1084,0.2073,-0.8390067961165049,0.01850684083511542,-0.8667,-0.7905,0.4619592233009709,0.032460800667563065,0.3889,0.5437,-1.007242718446602,6.173178935069736,-12.062,12.344,7.142592233009709,3.025235673839275,-2.5,13.875,0.30402912621359224,3.0600278964916323,-3.688,7.781
still,99,-0.01349156617898084,0.14066060606060607,0.007713333833344032,0.1252,0.1602,-0.8679151515151514,0.014710961786851834,-0.885,-0.8428,0.4212131313131313,0.014144318532914006,0.3979,0.4465,2.6600202020202017,4.344588411373204,-7.125,10.219,-0.036010101010101,1.7201494796154204,-4.156,2.875,-0.6237070707070707,1.385851918660524,-3.406,1.906
still,103,-0.005052579278683744,0.14265825242718447,0.02337543945600859,0.1062,0.1833,-0.8654766990291262,0.014851538470099117,-0.885,-0.8167,0.4200660194174758,0.030731478922699472,0.3555,0.4824,-8.485398058252427,21.971301035907764,-86.062,8.406,-3.9857864077669904,8.6098143667623,-34.656,4.531,-4.242718446601942,10.791218035408143,-36.906,3.531
still,100,0.26931731257396785,0.222755,0.09550501387361818,0.0447,0.4243,-0.567344,0.182778282801869,-0.8264,-0.2512,-0.391652,0.5700689502998738,-1.196,0.498,-196.58064,60.18335677536108,-277.094,-89.25,-77.42905,48.21617845897267,-173.938,14.969,-16.68627,20.63113048616338,-57.25,12.812
still,104,0.3161681769439648,0.20427692307692308,0.06372891692215557,0.1392,0.405,-0.12888173076923076,0.0586826533214935,-0.2571,-0.0583,-1.1298067307692308,0.05884522440662434,-1.2739,-1.0552,-28.3675,30.9604307808308,-91.531,8.562,-6.354576923076923,13.300439317999054,-34.531,28.188,8.33773076923077,7.498663806909419,0.062,27.469
still,101,0.09515053303187515,0.1652920792079208,0.015650803814287944,0.1326,0.1943,-0.07490495049504951,0.008338226136089089,-0.0928,-0.0596,-1.0436821782178218,0.01716564838170344,-1.0789,-1.0129,6.1512772277227725,3.3443014310553183,0.0,12.344,-0.5386237623762377,2.6239430077557326,-5.281,3.75,-1.399148514851485,1.6866183601499256,-5.969,1.906
still,102,0.08044992479984936,0.16346176470588236,0.011057337587903879,0.1448,0.1855,-0.08515980392156862,0.006001539995242423,-0.0969,-0.072,-1.0386480392156863,0.013546229707655923,-1.062,-1.0063,7.280333333333334,2.7248226253958774,2.188,12.719,-1.0689607843137257,2.7486687006463892,-5.469,4.344,-1.3590196078431374,1.2779265527115933,-3.75,1.75
still,102,0.08597769314107007,0.14311666666666667,0.013376274601779908,0.1001,0.1582,-0.12156764705882353,0.018904362821300116,-0.1672,-0.0916,-1.0354509803921568,0.017822868902103738,-1.0703,-1.0007,13.32106862745098,4.5471714247297195,4.812,22.781,-4.338862745098039,4.3497590107670705,-15.25,2.062,-1.3156372549019608,1.4201371156474727,-3.469,1.188
still,101,0.17450998718614574,0.10181881188118812,0.09094583929854673,-0.0037,0.3445,-0.27045742574257425,0.10089682736137455,-0.4404,-0.1487,-1.0479514851485148,0.05842601586175034,-1.1387,-0.8242,41.597158415841584,30.96682777569824,6.406,95.719,42.31622772277228,56.83766788296195,-14.312,199.594,-39.49288118811881,40.5273105410272,-112.594,-1.562
still,103,0.27721011975320664,0.8885281553398058,0.1866472002538925,0.3308,1.1743,-0.06645922330097087,0.10587745383444343,-0.2927,0.0713,-0.43050582524271847,0.18886944369638795,-0.814,-0.0984,60.25119417475728,42.429208424793046,-3.781,121.25,77.44535922330097,56.28524214289702,11.062,197.562,-73.41570873786408,36.27133165104928,-136.75,-12.906
still,101,0.23402403137054018,1.0416613861386137,0.03139964674801936,0.9971,1.1445,-0.014636633663366335,0.03294114981362999,-0.0676,0.0498,-0.270370297029703,0.02815231043946642,-0.4609,-0.2144,4.94090099009901,5.047880773852402,0.344,27.219,1.4164356435643564,6.01628636717027,-9.344,19.75,1.56990099009901,3.5276682100359196,-7.094,8.219
still,103,0.10065978394779207,1.0169000000000001,0.019955596338940073,0.9824,1.0562,-0.051349514563106796,0.015580382697708983,-0.0759,-0.0249,-0.2908912621359223,0.019865084297207708,-0.3286,-0.2432,2.831320388349514,2.043367072857612,-0.562,7.406,-1.8355533980582526,4.117415215031621,-10.156,6.531,2.800359223300971,2.196626455176205,-2.688,7.281
still,100,0.11848482332126431,1.014356,0.0376717435752581,0.9282,1.0615,-0.046959999999999995,0.02427497476826701,-0.1074,-0.0012,-0.348277,0.05940188356441233,-0.5334,-0.2844,3.7900400000000003,3.8288247019679553,-5.062,13.312,-17.42873,25.79704684914729,-83.938,6.188,9.74158,13.451476431366187,-5.5,42.438
still,102,0.2829480971574805,0.6610774509803922,0.2709332223300235,0.1885,1.0405,-0.25821176470588236,0.13879341136402074,-0.5383,-0.0581,-0.6745460784313726,0.0984700399062126,-0.8257,-0.4866,-1.9228039215686274,18.35958503206945,-74.375,22.719,-62.908088235294116,42.839065292091256,-143.656,-2.031,93.55606862745097,36.855999111608654,31.188,144.094
still,99,0.334749276081467,0.04764444444444445,0.09376012938917691,-0.1514,0.1802,-0.2908252525252525,0.13169213282181458,-0.5273,-0.1233,-1.025910101010101,0.17441152223946899,-1.2839,-0.4946,-63.87944444444444,60.70170377457129,-145.188,8.281,-0.753767676767677,33.392033616523506,-107.531,33.562,41.11869696969697,44.82510062081008,-0.062,141.062
still,103,0.0842046393555047,0.18343980582524272,0.028395283143801634,0.1243,0.2273,-0.13350291262135922,0.006134772074807726,-0.1487,-0.1213,-1.033683495145631,0.016832285765594552,-1.0627,-1.0007,2.2224271844660195,3.902182328429766,-5.594,10.75,7.404689320388349,7.269956183718504,-3.719,20.281,0.08341747572815533,1.1225907926978285,-2.688,1.969
still,99,0.34022588021571964,0.2563757575757576,0.06176977962508147,0.175,0.3901,-0.17513131313131314,0.08923482769655165,-0.4248,-0.1204,-1.1084888888888889,0.08245596668646714,-1.2778,-1.0173,76.30175757575758,89.81080037333375,2.125,276.781,1.5368989898989898,13.260180673156247,-21.156,54.312,19.1499696969697,32.46583883471219,-4.531,114.562
still,103,0.453336165517118,-0.36804271844660197,0.42339098976474365,-1.3359,0.3613,-0.5128970873786408,0.1223800609245844,-0.7065,-0.2773,-0.022913592233009705,0.4898527478462612,-1.0652,0.4722,194.88687378640776,97.28137527338497,7.844,309.438,17.272485436893206,25.290817633676557,-26.906,73.188,122.18362135922331,32.92781688774027,-39.375,161.906
still,99,0.4467522973888791,-0.7373626262626263,0.18020428059460156,-1.3186,-0.5186,-0.47908181818181816,0.1456569134545225,-0.7166,-0.0823,0.3244313131313131,0.1093685139689236,0.0876,0.4897,34.729787878787874,41.489981427983295,-18.594,108.219,-7.380646464646464,42.92360523217427,-94.781,86.094,9.72380808080808,61.1124678500283,-120.219,107.219
forehand,103,8.175620677643556,-0.27961650485436895,0.6803009638226858,-2.6658,0.2847,0.7950388349514562,2.1180574324214008,-0.7488,7.3987,-0.02724077669902913,2.5530469405910914,-8.0,4.2253,-193.4326504854369,389.50610040084104,-1024.0,104.125,42.80733009708737,94.65160968524276,-102.281,322.5,41.292407766990294,115.07031877035622,-97.031,396.562
forehand,98,10.425879556953154,-0.014184693877551023,0.4967008867398684,-1.8076,0.5579,1.347254081632653,2.7529466758799455,-0.6802,7.9998,0.13970408163265308,2.8026094362990217,-8.0,4.259,-206.1775714285714,401.72887480905194,-1024.0,83.188,66.76978571428572,144.97704456323703,-138.812,597.062,101.10713265306123,148.83336832248708,-21.156,437.125
still,102,3.739930094421225,0.13934901960784313,0.24148098644150914,-0.7361,0.4985,-0.16040196078431374,0.8262259014290424,-0.6133,3.0095,1.0366764705882352,0.5736741849052988,0.7119,3.5872,16.33055882352941,94.3326208949651,-512.875,183.562,27.440598039215683,27.78316933785767,-45.219,74.594,-59.68567647058824,32.33597456732761,-118.281,26.906
still,104,9.262547938012275,-0.44219134615384614,1.182587755006154,-5.1035,0.6125,0.5994509615384616,1.7336605841839174,-0.4492,6.175,-1.5258288461538463,2.1262545930250702,-8.0,3.6313,-180.61897115384616,412.7604604938386,-1024.0,80.969,-46.998528846153846,200.85188797967314,-742.969,83.812,5.288499999999999,82.30265951095944,-67.531,288.969
still,100,0.2716764879480946,0.412784,0.11466652058905424,0.1858,0.5813,-0.5675399999999999,0.15011364295093235,-0.8684,-0.2898,-0.7734010000000001,0.2589113236206559,-1.0908,-0.1248,146.66378,52.78088137490317,65.219,231.344,74.32907,21.87645504795281,40.469,124.094,0.8346900000000003,25.540422669445,-30.156,58.906
still,103,0.010634904404157153,-0.02386019417475728,0.25025559917882084,-0.2534,0.5217,-0.6463097087378641,0.1569582273997093,-0.9146,-0.4453,0.5459368932038835,0.28861527554803507,-0.144,0.8147,118.43233980582525,75.70963645088588,29.469,240.594,31.39588349514563,37.53301230006091,-6.562,120.438,61.83766019417476,57.95926795445721,-35.719,166.125
still,101,8.745701965995062,-0.43158217821782174,1.2282373172979137,-5.113,0.9104,0.8713425742574258,1.7942267709002548,-0.6104,6.1619,-0.7981465346534653,2.6716430915499556,-8.0,2.8506,-188.57701980198019,370.0536939346944,-1024.0,61.562,-27.587237623762373,145.88994602497888,-603.406,195.562,0.8740792079207919,114.37020940888125,-292.219,365.094
still,104,0.6233115843854502,-0.1492125,0.08387693673964806,-0.3108,-0.0071,-0.3654807692307692,0.13340819017999078,-0.6003,-0.1121,-0.9866576923076923,0.49730065520929856,-1.5186,0.4014,243.41102884615384,162.6511914340397,42.719,480.344,44.67668269230769,24.982824042138823,-14.781,88.5,8.637298076923077,13.248389231467266,-17.094,53.25
still,100,0.1036868441727481,-0.079411,0.02833151917917569,-0.1274,-0.0256,-0.5228860000000001,0.1437406637107259,-0.687,-0.2612,0.765746,0.1380550349824301,0.4336,1.0393,81.20752,108.1800409044552,-1.219,399.312,4.73749,8.991493159086538,-16.438,24.406,-3.05002,14.825286769556937,-33.281,36.312
still,104,8.868929251443644,-0.2137403846153846,0.9286181669058302,-3.2869,2.0659,1.0355326923076922,2.3944189110160345,-0.6118,7.9998,0.11828942307692307,2.437034140212485,-8.0,2.3352,-247.92218269230767,423.0545015141658,-1024.0,37.281,30.469923076923074,138.33001444411644,-311.531,553.031,31.925173076923077,114.36121493930152,-310.5,280.312
still,101,5.120808777441099,0.008095049504950495,0.2532623170995269,-0.3149,1.4995,-0.06035346534653465,0.26921732417603855,-0.4583,0.8794,-1.4531108910891088,0.8613760027991353,-5.9272,-0.2734,106.47709900990098,96.2968938761174,-294.688,312.312,18.841267326732673,56.130753052453045,-73.625,298.562,17.37779207920792,47.48922790795195,-19.156,203.719
still,104,0.22687494880285164,-0.1869605769230769,0.14120059818070968,-0.3831,0.0376,-0.5246596153846154,0.11615656917019603,-0.7336,-0.3508,0.23274326923076924,0.6756720651100513,-1.1379,0.9141,230.71451923076924,158.97764478547947,35.531,468.375,-0.20071153846153852,24.692485983233333,-41.344,67.688,28.05883653846154,32.23958722718158,-23.719,87.281
still,101,1.4847016440611136,-0.07396930693069308,0.11501460840712543,-0.2466,0.2041,-0.402629702970297,0.44022274864511973,-0.6658,1.6675,0.8367009900990099,0.21913934194283444,0.6021,1.842,25.902554455445543,24.964941579519405,-125.562,52.0,8.31309900990099,19.125765965638482,-13.219,82.312,-3.26519801980198,23.73144803717182,-28.469,69.531
still,102,7.61233986788724,-0.1916843137254902,0.5126971216785503,-2.0254,0.9819,0.8621617647058823,1.9214906137257348,-0.7874,6.4639,-1.425749019607843,2.3238264516949365,-8.0,3.3567,-216.92214705882353,424.6839923679446,-1024.0,176.062,22.378990196078433,91.52431583277072,-175.625,312.875,-14.468088235294116,40.988713657973605,-171.594,106.688
still,100,0.6470060898490932,-0.10300700000000002,0.07758942357692832,-0.2393,0.0432,-0.34787999999999997,0.142031431732557,-0.6042,-0.1565,-0.053173000000000005,0.971802404695008,-1.592,1.1514,297.33745999999996,136.2177174343646,12.781,444.0,-3.49688,27.047785440689964,-46.344,61.094,-34.28125,17.857413396332067,-73.812,4.75
still,103,1.0295679417058206,0.09887378640776698,0.13130164039020328,-0.0095,0.4783,-0.3759407766990291,0.37522089608860093,-0.6431,1.2417,0.8782951456310679,0.15138153776611962,0.6956,1.5325,16.122912621359223,14.732863237236755,-49.688,31.594,-0.1910873786407767,10.993577393414135,-21.438,27.75,8.480009708737864,17.554059084431486,-17.875,83.406
still,101,8.99473108792828,-0.6578237623762376,0.8797824298039744,-3.8396,0.5359,1.0599188118811882,2.277234665450028,-1.6387,7.9998,-1.3974237623762378,2.3780693904451113,-8.0,2.8547,-171.77173267326734,423.10424139440914,-1024.0,316.562,-7.453247524752475,115.48762050389472,-291.312,333.188,75.23728712871288,123.11640868178269,-79.562,429.312
still,102,0.5689963097470943,-0.4281960784313726,0.31642166856516396,-0.8687,0.0186,-0.35190392156862743,0.13625489300195515,-0.696,-0.1902,-0.16261470588235294,0.8327573587241528,-1.1897,0.9666,283.27179411764706,122.91386930814907,101.312,492.5,-1.1770980392156862,30.103145758199556,-69.812,62.719,-96.74479411764705,45.68725268527536,-169.125,-30.094
still,76,6.753861935835587,-0.6627078947368421,1.1583338329781634,-3.4534,0.3171,0.8053960526315789,1.9146207924973984,-0.7854,5.5366,-0.3634907894736842,2.2296035192842334,-7.3508,1.1584,-225.66530263157892,433.89329194251326,-1024.0,99.844,150.4900657894737,132.28569373581834,3.438,452.719,95.49381578947369,192.14721864016215,-116.719,508.188
still,101,0.5879761270245847,-0.9798504950495049,0.13692154190765157,-1.1841,-0.5544,-0.15476732673267327,0.09768090007462203,-0.4473,-0.0496,-0.4945277227722772,0.23359548395150326,-1.3403,-0.2483,53.10392079207921,71.2731622249096,-151.281,172.531,-16.444940594059407,37.336730377519665,-92.688,53.406,-53.46378217821782,54.06013026354052,-206.844,27.469
still,104,0.06394221647606413,-0.16264423076923076,0.3353684637904666,-0.9082,0.2568,-0.4955605769230769,0.08942615391211518,-0.6631,-0.2834,0.47643653846153844,0.42382333403510614,-0.4521,0.8989,175.29807692307693,90.64937906918446,25.375,322.625,-4.216903846153846,43.6998806842499,-98.156,80.219,-107.05771153846155,75.79487401034262,-223.281,3.594
still,73,7.037009747412279,-0.6092602739726027,0.9020654070292403,-2.5823,0.6501,0.2265219178082192,1.1242736636391009,-0.5996,6.4341,-0.9491917808219178,2.1136833200521528,-6.8533,1.1223,-86.97005479452055,285.70271631803547,-1024.0,69.438,105.98027397260275,140.15427411750377,-95.781,445.562,37.19738356164384,102.59048547857444,-44.125,645.25
still,104,0.3191534709805377,-0.7663307692307693,0.14524582416672027,-0.9502,-0.3032,-0.32689807692307693,0.2002579038970119,-0.6262,0.0078,-0.4280278846153846,0.36091170198026884,-0.915,0.437,178.3648076923077,76.58003816710041,39.562,306.719,-37.633153846153846,34.56233651338973,-91.844,25.062,-97.16226923076923,28.996502935112304,-159.125,-48.094
still,68,2.2531631821966753,0.12608529411764707,0.45252047606083556,-0.3704,1.1492,0.05872205882352941,0.6867246136222181,-0.4512,2.4106,0.9833897058823531,0.3245864555090269,0.4727,2.0093,98.4466911764706,150.8829747900921,-354.219,297.25,23.850676470588237,59.03236534967645,-28.0,194.969,-14.95864705882353,122.99040095216957,-128.844,434.281
still,84,0.7722217976314365,-0.7752583333333334,0.13427155870911234,-1.0811,-0.3982,-0.08092380952380952,0.09773264749042425,-0.2043,0.6448,-0.7620571428571429,0.23962478222943343,-1.5974,-0.4177,45.47845238095238,43.0251302284642,-56.625,235.375,-13.386940476190475,41.78441085054819,-97.25,179.656,-14.561416666666668,18.0400381415289,-57.688,24.406
still,102,0.2682367681154809,-0.6019225490196078,0.21686218670149363,-0.9128,-0.3274,-0.3748441176470588,0.12095340585104064,-0.5808,-0.21,0.04688725490196078,0.6767376455584496,-0.7324,0.9387,245.52418627450982,116.38563514284122,78.875,440.75,-16.170666666666666,23.979614048364013,-70.938,48.656,-86.15748039215687,37.654026168273006,-150.219,-10.781
still,104,6.221245004845079,-0.2980701923076923,0.6137832638455419,-2.345,0.2849,0.5945134615384615,1.5704447491112492,-0.6587,5.2668,0.13753942307692307,2.1164909564499164,-6.5837,2.7478,-218.51624999999999,400.19870418808466,-1024.0,76.938,74.07872115384615,100.03771048752418,-26.031,314.812,74.47805769230769,127.92508956956523,-62.219,412.656
still,101,0.5364423451597524,-0.7504247524752475,0.06397023813862966,-0.8938,-0.6011,-0.19213861386138611,0.1403069350877646,-0.5188,0.1191,-0.8253673267326732,0.23667365387260175,-1.3728,-0.3423,110.03561386138614,93.53042724331074,-99.469,255.438,-39.00833663366337,24.489650436066604,-81.438,-2.312,-35.47212871287129,32.51062595511403,-84.156,21.656
still,103,0.213992129299033,-0.41047961165048547,0.1761384927079865,-0.8511,-0.2209,-0.3512029126213593,0.15962165002456646,-0.6223,-0.074,0.5887669902912621,0.49559961435145466,-0.3591,1.1907,175.4872233009709,139.93516181077717,24.156,434.812,-24.64109708737864,32.83150134066117,-87.719,12.906,-48.5161359223301,51.34610943260473,-166.781,11.312
still,101,6.557389656488541,-0.436329702970297,0.5669854470244677,-2.179,0.4424,0.7834564356435643,1.6939150994199033,-1.3193,5.8735,-0.42830891089108913,2.2054254919660434,-7.157,2.4136,-227.1213366336634,409.59230903274755,-1024.0,118.844,92.62590099009901,140.44762400659937,-68.656,449.625,66.37038613861385,124.00628177740367,-46.188,360.562
still,103,0.5375632995099748,-0.7207796116504854,0.2788815722343232,-0.9993,-0.158,-0.15866213592233008,0.11583985691378752,-0.4136,0.0493,-0.4606456310679612,0.7016005937572488,-1.1265,1.2041,250.0415631067961,167.66416423648735,-0.375,557.406,-36.4957572815534,24.944715508019712,-94.719,14.312,-83.87350485436893,64.11451953967506,-218.375,5.312
still,100,0.21652107667726006,-0.342435,0.0875151888245692,-0.4829,-0.0693,-0.502252,0.15217100675227196,-0.6299,0.0156,0.745467,0.12285532797156173,0.5955,1.1956,27.89127,27.642450510349114,-6.531,173.375,-15.76408,7.053408898794965,-33.844,-4.469,-42.81778,39.24694771102079,-117.688,5.844
still,103,8.329014368624373,0.02574951456310679,0.6557885846387407,-1.8997,1.4163,0.6100466019417475,1.6930570651881758,-1.2122,5.7827,-0.5248912621359223,2.592428719155887,-8.0,3.1716,-221.7670291262136,379.2581366810291,-1024.0,34.531,3.4848058252427183,86.81379167523014,-82.188,251.438,31.88685436893204,145.98835574362212,-120.688,456.938
still,102,0.6057096779928808,-0.291871568627451,0.13578628564081,-0.5557,0.0186,-0.5304490196078432,0.10030084818234417,-0.759,-0.3718,-0.6930509803921568,0.6052365400087671,-1.4182,0.6462,202.26927450980392,113.38400199626643,5.938,363.375,-72.21751960784313,43.44863513588412,-142.438,19.594,-19.850833333333334,31.49721121426695,-62.844,61.031
still,100,3.020013201470861,0.348211,0.6284412128266255,-0.6104,1.2896,0.07342,0.9611773277600757,-0.6467,3.5161,0.883103,0.26311987057423086,0.4871,1.5278,59.47307,145.5581817629813,-618.562,190.562,47.94152,97.2707452781647,-41.469,325.406,-19.206220000000002,154.7358967183491,-184.375,623.875
still,79,0.7751917107737969,-0.9285658227848101,0.15060484794429105,-1.1274,-0.4719,0.050140506329113925,0.056977418398331876,-0.1831,0.1379,-0.5550367088607595,0.19975063959734435,-1.6716,-0.1914,33.35840506329114,56.2785352131224,-97.625,114.406,-33.594898734177214,28.132991559123152,-91.812,29.344,-26.85832911392405,29.937263553241486,-64.781,34.0
still,101,0.3005195769383866,-0.6403544554455445,0.3754876977918455,-1.1895,-0.208,-0.17461188118811882,0.07224539217500682,-0.2969,0.0054,0.3695,0.5234642461808666,-0.5908,1.1118,190.7979405940594,87.23810494396524,47.594,298.062,-60.15438613861386,54.548233097859566,-182.719,19.656,-106.4610297029703,62.443832610579946,-208.719,-4.938
still,103,8.16249586575623,-0.3545563106796117,0.8242578707004451,-3.2842,0.8872,0.7779398058252428,1.7722970531296387,-0.7744,7.436,-0.1708902912621359,2.33953476470121,-7.4858,2.6155,-170.68746601941749,362.1743871064039,-1024.0,89.844,117.24996116504853,164.9307178171726,-87.938,521.906,45.5108640776699,119.38877104815717,-64.188,498.188
still,100,0.4562079418819278,-0.8748940000000001,0.21423474733105272,-1.1858,-0.3752,-0.012982,0.0957386644778378,-0.2278,0.1653,-0.522838,0.4407928079676437,-0.8857,0.9688,222.31656999999998,170.4062263923625,30.094,531.469,-65.96658000000001,35.287196801723994,-163.281,9.5,-82.42341,68.99615106962054,-219.469,4.719
still,104,0.11617601210561768,-0.4778990384615385,0.06645152150714011,-0.5586,-0.2769,-0.20041153846153847,0.1028809695975181,-0.3215,0.061,0.8103211538461538,0.1066564124736322,0.6638,1.0515,74.4483173076923,65.19136313448284,24.0,311.531,13.14185576923077,16.199427729931525,-36.625,33.469,-23.042971153846153,28.266536620335774,-138.812,2.25
still,101,7.493591242813608,-0.6064306930693069,0.47101613302814477,-1.9873,0.0962,1.141930693069307,1.8804175047648999,-1.3181,6.8191,-0.8595425742574258,2.292350370786468,-7.792,2.718,-223.25738613861387,430.07914375271525,-1024.0,308.938,85.09310891089109,151.33443322470794,-98.5,503.062,56.26638613861386,116.8476629175207,-108.281,364.125
still,103,0.2810749782897175,-0.7242000000000001,0.2213002445828454,-1.0459,-0.3445,-0.24661359223300972,0.13666559431554137,-0.4595,0.0486,-0.08639223300970875,0.6041439595188957,-0.8589,0.9968,230.43604854368934,81.81739938499547,75.312,342.719,-68.42659223300971,37.86066447712269,-123.469,19.281,-79.89719417475729,29.456000401473663,-124.844,-36.656
still,50,0.13987564672643127,-0.250742,0.2262251790495479,-0.5925,0.1138,-0.240542,0.1026681724586544,-0.344,0.1531,0.8688079999999999,0.09166343838194156,0.7439,1.1238,62.32938,33.80492105885769,26.906,120.344,6.69624,33.82469228333645,-33.281,81.656,-40.03002,24.685750852254827,-74.5,-4.844
still,99,8.206841190115098,-1.0905818181818183,0.504143302411518,-3.3557,-0.3765,0.23445858585858587,1.057824406578689,-0.2505,6.3337,-1.269620202020202,1.6050339867372831,-7.7361,-0.5215,-25.678323232323233,277.91270784611515,-1024.0,338.688,15.600979797979798,115.96351627624573,-119.312,411.344,-11.263252525252527,97.63049536460548,-153.0,580.938
still,104,0.7464821441973004,-0.4270009615384615,0.3541493444468765,-1.2354,0.0979,-0.1514894230769231,0.2343298410517949,-0.4263,0.4158,0.5399,0.7116158526415564,-1.2354,1.2097,208.71989423076923,218.57374507896546,18.656,654.531,-21.374990384615383,66.82902147709815,-178.969,36.375,-83.45795192307693,121.54257482576439,-301.344,24.75
still,101,0.014220814221439504,-0.5268,0.07628081652877759,-0.6833,-0.4175,-0.3107772277227723,0.036292706850444494,-0.363,-0.2046,0.7273841584158416,0.03901598233746118,0.6423,0.8101,16.871653465346537,18.335960814173976,-9.844,41.719,1.645029702970297,12.863832901585353,-19.562,20.656,-11.139247524752475,14.391504512963621,-37.656,17.469
still,71,7.206832037394211,-0.5632901408450705,0.6412804901803076,-2.7661,0.3237,0.14958732394366198,1.162282577084526,-0.5173,7.0332,-0.4760197183098591,2.1939346462475937,-6.4009,1.4817,-95.17961971830985,290.44882877146284,-1024.0,60.406,30.218774647887322,97.09818827470936,-56.812,391.094,3.9357464788732393,68.4288242014847,-50.875,444.469
still,53,0.5667206451693931,-0.9023226415094339,0.19490063616604253,-1.3174,-0.4827,-0.1596641509433962,0.20787849779840292,-0.4917,0.0862,-0.49533962264150944,0.21661807389846363,-0.7979,-0.0408,209.0059245283019,126.13527658510863,45.625,383.438,-9.596132075471697,25.158122205504217,-37.406,56.0,-124.13383018867924,79.18930675495054,-216.781,-11.5
still,48,0.5189519050977223,-0.06620833333333333,0.13394854552111501,-0.2454,0.3533,-0.2158854166666667,0.29202966244143713,-0.4917,0.5542,0.9887291666666668,0.14667207607211932,0.8325,1.3694,69.1855625,68.39439513979022,-59.906,266.75,26.878937500000003,22.44515088072686,-3.344,85.188,10.540958333333334,48.10310023314434,-108.938,76.281
still,50,5.247289693939284,-0.836082,0.530811436082532,-1.7744,0.7229,0.0788,0.27723802625181126,-0.1768,1.0322,-0.866068,1.1374219648731951,-5.989,1.3657,41.66558,120.42372109714763,-534.844,184.125,2.63936,83.39614424534506,-96.219,171.875,-26.1982,58.02998864380382,-111.844,126.469
still,48,0.5462190368767292,-0.37345625,0.44528794284627876,-1.2043,0.135,-0.28586666666666666,0.06919421439365835,-0.3728,-0.1455,0.36601041666666667,0.6507730247045891,-0.9431,0.8899,222.11464583333336,94.54991513558011,58.781,359.094,-22.92379166666667,33.517693431329626,-83.094,51.844,-123.83391666666667,74.94307045012938,-242.25,3.719
still,49,4.980254530536305,-0.6358795918367347,0.9751152597450152,-2.7769,0.3145,1.0209285714285714,1.3846583166534447,-0.3281,3.7334,-0.08967959183673468,2.0870541261064104,-5.4688,2.0325,-392.0075714285714,442.92443425593353,-1024.0,56.688,158.74236734693878,122.94214505913995,-16.312,362.0,153.8826530612245,156.70637783389165,-3.156,423.969
still,47,0.6100397790116863,-1.0613170212765959,0.21443114385498435,-1.3975,-0.1797,-0.2407595744680851,0.11067542474448479,-0.4465,-0.0918,-0.4186148936170213,0.302433768363034,-0.7222,0.927,175.27255319148935,120.92929902832155,8.656,324.312,-36.52193617021276,29.48168319583798,-99.875,34.719,-109.32976595744681,86.40130060295039,-234.156,5.062
still,52,1.916389171561299,0.24327307692307693,0.3352639012866091,-0.1702,0.7478,0.36018461538461544,0.808981971935815,-0.373,2.4604,1.1523384615384615,0.2417394887969009,0.7983,1.5688,10.183346153846152,161.27598804484725,-488.781,232.719,61.51199999999999,72.50988946794669,-9.312,196.812,4.850942307692308,104.34981980236063,-136.188,315.5
still,53,0.5448938766141835,-0.9060830188679245,0.27065747743042246,-1.2642,-0.2537,-0.21657924528301886,0.06512193891256839,-0.3735,-0.1321,-0.645466037735849,0.14547630416318566,-0.916,-0.365,23.32422641509434,74.00578019511961,-60.688,180.344,-38.01058490566037,35.50442013111275,-107.156,24.438,-19.097264150943396,39.718035313164364,-106.094,35.281
still,53,0.0796275839380911,-0.144,0.3010724152845674,-0.762,0.2312,-0.1465056603773585,0.18532311651580313,-0.3748,0.2605,0.6497716981132076,0.31468105049180484,-0.1411,1.0408,194.46515094339622,174.43844141327966,-1.625,382.5,-13.310132075471698,38.86228518370397,-101.469,46.25,-116.40975471698113,96.56857697129325,-230.875,7.438
still,54,7.554727795786373,-1.386937037037037,0.5569001793314211,-2.3713,0.0593,0.8226074074074075,1.7705686136099572,-0.3035,5.1611,-2.0921185185185185,2.234049655941564,-7.8926,2.345,-283.0446111111111,453.17588399156233,-1024.0,117.594,44.58735185185186,128.44629081537565,-137.875,285.531,102.1232962962963,167.26125243613598,-56.656,417.312
still,53,0.03168827656419548,-0.2842396226415094,0.2364262870003318,-0.877,-0.0823,-0.3860603773584906,0.13881024422478477,-0.5544,-0.1431,0.45603962264150943,0.403289272714574,-0.4124,0.8647,219.52954716981134,133.4656131778033,82.844,398.375,-5.204037735849057,47.3649249431106,-118.719,39.25,-112.0795283018868,88.33558181133644,-222.75,15.781
still,56,6.316467495998325,-1.1711571428571428,1.2145915931551912,-4.1506,0.7129,1.3038964285714287,1.7841542220899882,-0.0945,5.3357,-0.9363964285714286,1.6350764810600806,-4.8359,1.7878,-391.81364285714284,452.20644228317684,-1024.0,51.5,165.39121428571428,86.32696013531394,79.312,513.219,179.55858928571428,300.1162643822258,-131.094,681.375
still,101,0.289432871459387,0.004341584158415843,0.2694146975590916,-0.6794,0.3879,-0.2685861386138614,0.0898229479925915,-0.4583,-0.0527,-0.9603445544554455,0.13525028685407073,-1.2212,-0.6182,-6.451108910891089,53.92853972645414,-107.906,77.562,94.05791089108911,105.50754271428143,-55.031,318.5,-84.08324752475247,35.86417516527135,-161.75,-16.0
still,105,0.2730680500271774,0.04994666666666667,0.07855142697217588,-0.0793,0.1902,-0.15539142857142857,0.04255158016043188,-0.2505,-0.0742,-1.0333580952380952,0.05312014196221776,-1.2681,-0.9282,0.8160285714285715,17.556431488180724,-37.438,57.094,-29.34022857142857,26.123554668885152,-91.781,19.812,-19.615123809523812,22.75105113916832,-72.156,10.781
still,100,0.28290585001394386,-0.003652,0.04367350794245867,-0.0752,0.0757,-0.089311,0.048572454941046575,-0.2168,0.0457,-1.041474,0.0671034866754329,-1.2805,-0.7991,-10.67624,28.237445528985088,-131.406,15.469,5.3575099999999996,31.122435973263723,-41.688,120.344,2.8596999999999997,7.101599421961224,-8.0,30.906
still,104,0.30564456112680216,0.035372115384615384,0.010225509736502224,0.0037,0.0801,0.02229230769230769,0.014755355561675879,-0.0037,0.0994,-1.0587701923076922,0.041009531912170424,-1.3032,-1.0017,0.7929423076923078,19.79820146931909,-129.125,19.969,0.6109230769230769,4.392516003412701,-23.188,10.656,2.5215865384615386,6.435116600776401,-5.438,30.75
still,100,0.057819880698032566,0.034555,0.0010678365979867896,0.032,0.0366,0.019387,0.0011054098787327711,0.0171,0.0215,-1.050889,0.002885858451137208,-1.0571,-1.043,4.16812,0.1630471269296089,3.75,4.438,1.21496,0.1513164842308993,0.844,1.656,0.050949999999999995,0.18737931449335596,-0.312,0.562
backhand,102,4.5520423503428,0.5287352941176471,0.37496822679697334,-0.4316,1.5652,0.1773480392156863,1.0154400891500286,-0.7681,3.0229,-0.3511274509803921,1.810600411420112,-5.4307,1.8284,-198.36370588235292,334.87850883413273,-1024.0,70.75,-43.753098039215686,68.69968467740374,-288.656,53.656,-16.038303921568627,37.553704983869096,-93.562,94.125
backhand,102,8.07111397458989,0.6824911764705883,0.5518819462251,0.3145,3.6394,0.6290676470588236,1.5629332667475693,-0.7163,5.7126,-0.253306862745098,2.1671360081670183,-8.0,2.0249,-174.1375588235294,378.60993613979014,-1024.0,157.406,-73.98161764705883,49.7065486298047,-174.188,43.781,-48.35327450980392,102.72804588397625,-309.094,155.625
backhand,97,4.880659820122229,0.8119072164948453,0.9138471646053297,-0.5583,3.2729,0.7838835051546391,1.3131129369916856,-0.4636,4.1672,-0.4547969072164948,1.5729187890672371,-5.3103,0.9077,-295.5670103092784,363.9448264666856,-1024.0,267.5,-74.98423711340206,118.68584954614501,-211.031,325.531,-109.22197938144329,120.20973301640706,-306.156,235.562
backhand,98,4.459126072916799,0.5866295918367347,0.8899581124296948,-0.3342,2.6975,0.8450785714285715,1.2229899974769096,-0.7727,3.386,-0.508019387755102,1.7297121569349638,-4.78,1.0398,-287.1520714285714,386.9275517686728,-1024.0,134.25,-96.87403061224491,110.96347571017563,-265.562,146.938,-84.9078469387755,122.62362303484129,-383.031,151.688
backhand,102,3.7989206557308277,0.6620176470588236,0.6494754220185922,-0.186,2.187,0.7045666666666666,1.076784460411185,-0.7883,3.2268,-0.4526960784313725,1.6314968231370204,-4.1631,0.877,-224.28372549019608,426.50848696592647,-1024.0,239.719,-62.386941176470586,116.6565529470451,-202.219,274.5,-60.50182352941176,92.70707059719855,-274.094,134.219
backhand,101,4.851228645335952,0.388519801980198,0.6529538129041743,-0.3123,2.5559,0.5349782178217822,1.1189818526036202,-0.8582,3.3711,-0.2880831683168317,1.598918495069436,-4.7429,1.1472,-248.14169306930694,358.4241637029143,-1024.0,88.375,-72.89170297029703,110.59055588628944,-297.562,244.719,-76.8069801980198,110.86138673430472,-411.062,17.688
backhand,98,5.947245706033434,0.5586755102040817,1.1077340320342155,-0.9531,3.0576,0.8217153061224489,1.3419654711601676,-0.6829,4.0127,-0.32897346938775507,1.7558788104682022,-6.2681,1.0259,-263.7818469387755,343.6614253976342,-1024.0,59.875,-97.4362857142857,78.46414353508153,-270.375,108.156,-184.97486734693877,153.99685827159988,-560.688,47.938
backhand,100,4.691774536996348,0.336905,0.7431385902205591,-0.8389,2.2756,0.7943429999999999,1.3597009756012532,-0.759,4.2397,-0.340248,1.811871228177102,-4.5088,1.4541,-229.50779999999997,397.05423827164975,-1024.0,217.969,-90.68813,119.14540086924505,-335.406,236.719,-120.67001,100.6503431181926,-335.688,54.844
backhand,101,6.991506306072717,0.3515881188118812,1.4660094490184272,-0.6372,6.1052,1.0836821782178216,1.7106388935824064,-0.5903,5.4578,-0.40579504950495054,1.8253776820304066,-3.8845,1.3918,-278.41364356435645,412.494847753448,-1024.0,210.906,-86.69808910891089,188.47394067206588,-663.281,295.562,-170.14976237623762,215.85924511671809,-778.562,298.562
backhand,101,6.0180394313511805,0.5304316831683168,0.8908547138419343,-1.2083,2.5276,0.7449376237623762,1.092111757858947,-0.228,4.2527,-0.2167851485148515,1.642698844686356,-6.7468,1.1616,-219.42447524752475,273.37662235471265,-1024.0,10.062,-115.22250495049505,66.5421678859567,-249.281,76.906,-174.39291089108912,138.53889929054446,-310.031,133.969
backhand,97,5.236040709456603,0.5412443298969072,1.0504316747378633,-0.7429,3.1411,1.1153845360824743,1.581235459121616,-0.7112,4.387,-0.6389783505154639,2.1660497730726798,-5.8215,1.0398,-276.33056701030927,445.9352535023721,-1024.0,409.875,-84.88044329896907,127.60339320779715,-258.875,240.625,-149.30217525773196,120.18862327037895,-400.281,98.781
backhand,98,6.065355913894218,0.6007020408163265,0.8331754731000108,-1.0576,2.1243,1.049465306122449,1.4890869808548581,-0.53,4.8728,-0.6617785714285713,2.1063168265787016,-5.6631,1.3457,-251.15941836734694,430.2586881688907,-1024.0,325.531,-88.02547959183673,113.04490570404904,-211.438,283.156,-143.0175,109.12486054873386,-341.969,84.625
backhand,101,8.18864441471102,0.5160346534653466,0.912532779114018,-0.6704,3.3757,0.8034940594059407,1.6045740321091966,-0.6426,5.6626,-0.1420089108910891,1.5779296909319365,-7.532,1.293,-216.0299900990099,345.64970562121067,-1024.0,81.438,-67.92820792079208,101.00812404639842,-187.562,261.625,-142.22862376237623,144.71032011600371,-500.344,87.812
backhand,99,6.072443344417826,0.5851424242424242,0.7533943705617417,-0.3174,2.7554,0.45739494949494947,1.0927974417806674,-0.7361,3.5745,-0.5366161616161617,1.9497679924507088,-6.553,1.3442,-195.273,311.86616273214497,-1024.0,137.656,-65.3131212121212,72.03671764409316,-210.812,117.75,-146.90874747474749,122.72421354586625,-381.594,64.094
backhand,98,5.647472609947332,0.5851091836734694,1.021711988061368,-1.0222,2.5732,0.7163551020408163,1.1270604784419538,-0.459,3.7773,-0.45714285714285713,1.8515232944794402,-6.3796,1.0269,-251.06538775510202,336.51662737091397,-1024.0,82.812,-74.7567142857143,104.80358921675482,-271.719,148.781,-154.220693877551,135.06271704840728,-454.844,60.844
backhand,102,6.220651424213746,0.5327470588235295,0.7593836638761317,-0.8149,2.0635,0.5814254901960784,0.9775048957990105,-0.3708,3.8733,-0.4534029411764706,2.1213837942348692,-6.9319,1.624,-260.5312745098039,314.36639721170235,-1024.0,120.781,-89.99935294117647,103.27370698025737,-238.844,329.438,-104.52819607843138,107.15972898380772,-294.719,58.188
backhand,102,5.757900669586673,0.5096137254901961,0.8931443573941137,-0.6902,2.6145,0.6629205882352942,1.2963847551555263,-0.7456,4.6719,-0.3710588235294118,2.0910278643951754,-5.6597,2.0242,-230.69543137254902,366.0219466869174,-1024.0,251.344,-45.14059803921569,120.09065056662362,-219.406,394.688,-119.0661862745098,123.86807762583629,-512.062,82.688
serve,100,10.965047953518615,0.265851,1.2944823734987665,-3.8943,1.8328,1.28559,2.5057235936750883,-0.6345,7.9998,0.052695,2.757782833776982,-8.0,4.1909,-235.14659,398.9829148381944,-1024.0,80.719,56.13688,120.57777004276369,-147.375,535.031,102.90598,232.9887310913547,-63.281,813.25
serve,101,9.931860007793732,0.006115841584158415,1.0404414961340964,-3.8279,0.9363,1.592879207920792,2.6533982240346554,-0.5955,7.9998,0.1683188118811881,2.547956685120466,-7.2683,3.052,-265.2397821782178,434.22148907579424,-1024.0,93.531,1.1674158415841582,138.86267371604816,-247.375,539.688,38.895148514851485,119.08290859686302,-195.906,329.594
forehand,70,9.82758673620304,-0.21837285714285715,1.381452085712859,-5.0752,0.7607,2.249507142857143,2.881953187749161,-0.5837,7.9998,-0.43735857142857143,2.9600092219688805,-6.9587,3.3191,-409.1816857142857,466.82501780463866,-1024.0,73.969,-19.4571,195.4355840729808,-420.656,361.469,130.42858571428573,195.8866253623321,-43.062,628.844
forehand,98,10.5891306352116,-0.3669061224489796,2.3699096198566405,-8.0,2.0703,1.544342857142857,2.492276686821403,-0.4653,7.9998,0.15339795918367344,2.3038467822575104,-7.0649,3.4519,-235.63138775510205,446.2691640331306,-1024.0,605.156,-126.8408775510204,353.0434099498902,-1024.0,589.594,31.546857142857142,134.1531037196391,-345.719,392.188
forehand,102,9.306271737636264,0.23245882352941175,0.5300262019703238,-1.7917,0.916,1.0639676470588235,2.315376113738529,-0.7378,7.9998,-0.24708627450980392,2.634709025160576,-7.0933,3.6462,-217.67979411764705,409.21527370188494,-1024.0,148.844,46.4126568627451,110.37251419637643,-58.5,387.25,31.86827450980392,79.63675469256555,-37.406,299.625
forehand,100,8.296250707139949,0.154521,0.7285074299271079,-2.6292,0.7422,1.04782,2.1701457309130188,-0.6731,7.9998,0.054101999999999976,2.2697352574245304,-6.0771,3.082,-258.70185000000004,397.4152229097767,-1024.0,62.469,29.310019999999998,73.533722203759,-124.562,244.75,46.56498,91.86850238432974,-42.938,332.094
forehand,103,8.06423655362105,0.22581844660194175,0.5081506300926983,-2.3347,0.792,1.0656223300970875,2.0299910699948036,-0.7578,7.9998,0.0815019417475728,2.2549630765272153,-6.9126,2.4514,-234.78641747572814,407.5198682267695,-1024.0,119.062,23.874058252427186,107.9140109885073,-124.812,426.062,79.74303883495145,143.2386358574032,-20.219,531.281
forehand,98,10.456934674248604,0.023929591836734702,1.0015329458761422,-3.8948,0.7456,1.2448612244897959,2.453560884054391,-0.6887,7.9998,0.048527551020408156,2.7981504045504484,-8.0,2.9617,-263.4240816326531,405.3021495602719,-1024.0,37.844,24.616418367346938,106.41957999314226,-164.531,406.875,71.2586224489796,120.10779638983792,-39.812,395.344
forehand,98,8.914394196823123,0.04339693877551021,0.5734311814756746,-1.7546,0.6311,1.167734693877551,2.2565450655544126,-0.6975,7.9998,-0.07019795918367347,2.6107923751455773,-7.636,3.5039,-270.44357142857143,431.35359335927546,-1024.0,59.688,9.56315306122449,82.2268751734048,-134.781,266.844,46.97862244897959,88.44773173549095,-30.125,280.219
forehand,102,10.607405527506996,0.17863529411764706,0.5980342282562846,-2.5952,0.9043,0.8626294117647058,1.9140399312832301,-0.8057,7.9998,-0.11259705882352943,2.6747119931618615,-8.0,3.5681,-198.5074117647059,373.81120642205576,-1024.0,90.031,40.47574509803921,90.68921710810014,-150.688,278.625,48.981284313725496,106.147011970208,-31.594,427.781
forehand,103,8.2923866067873,0.31601941747572815,0.5895774555796854,-3.6191,0.9961,0.9256213592233009,2.091077443911867,-0.8125,7.9998,0.3079155339805825,2.2774966486928667,-8.0,2.5789,-197.2173009708738,380.7662487022876,-1024.0,137.156,47.88016504854369,102.49286198750738,-74.188,422.125,55.63045631067961,126.85089439224372,-95.188,496.469
forehand,101,9.195712263986268,0.1607811881188119,0.6026863451549339,-2.8577,1.0715,1.1233930693069307,2.2577861751557085,-0.7278,7.9998,0.1882108910891089,2.2792457760200295,-5.6382,3.7312,-239.6299504950495,388.4398986142044,-1024.0,61.531,7.879326732673268,97.28475347298355,-184.594,277.125,63.87068316831684,113.22918279732095,-20.25,480.312
forehand,99,10.382449194263947,0.15497979797979797,0.6562933986003697,-2.4514,1.0549,1.2579656565656565,2.5012423269676347,-0.7954,7.9998,0.15255454545454544,2.499824203082633,-8.0,3.478,-215.47793939393938,391.77390638996997,-1024.0,60.844,15.553989898989899,82.34141038758116,-120.656,303.75,77.20234343434343,152.40690773841948,-27.188,553.062
forehand,102,8.645329275872337,0.10503333333333334,0.6783382793576005,-2.0645,0.6848,1.1570549019607843,2.3337624955451712,-0.7678,7.9998,-0.14187549019607842,2.5958612569965562,-6.8115,2.8821,-223.97337254901962,405.74005527841564,-1024.0,83.094,26.848352941176472,90.95511110622657,-171.469,330.344,44.19613725490196,102.36870032905367,-53.312,401.75
forehand,102,9.296426508745643,-0.5533039215686274,2.0997843129628846,-6.8486,1.3164,1.0919401960784314,1.777845651908997,-0.6555,5.8643,-0.39331176470588236,2.7509727891646505,-6.5596,2.7527,-237.08887254901958,434.33912803692454,-1024.0,458.188,-169.74936274509804,389.6148045015489,-1024.0,105.156,-99.23378431372548,90.37702098243426,-352.688,75.375
forehand,99,10.611661754029868,-0.4540030303030303,2.0899722721303373,-8.0,0.9724,0.8714888888888889,1.267126819280205,-0.2793,4.5964,-0.28140909090909094,2.588627859029493,-8.0,3.1177,-239.09315151515153,354.80521250058194,-1024.0,37.969,-197.9939898989899,332.84140138754697,-1024.0,58.75,-3.037242424242424,100.431591999215,-302.375,268.062
forehand,97,8.413103220511289,-0.8428742268041238,2.169295130058265,-7.1558,1.0295,1.0984061855670104,1.550468317000897,-0.3774,5.0283,-0.3237278350515464,2.5718968174755132,-6.0425,2.4639,-259.70294845360826,435.22763024001307,-1024.0,511.062,-201.77803092783506,363.89858351838876,-1024.0,102.344,69.7860618556701,130.02859027547404,-140.875,379.844
forehand,99,9.50830066423682,-0.42036868686868684,2.091280014469243,-8.0,0.9243,0.8538919191919193,1.1501652294719293,-0.2251,3.0569,-0.18416161616161617,2.5465337571499926,-7.5503,3.2041,-239.1900202020202,373.82926847636656,-1024.0,89.125,-173.49843434343435,327.8037413697151,-1024.0,87.188,2.8488282828282827,143.6587797872459,-524.062,323.125
forehand,102,9.279914017150144,-0.48465686274509806,2.2294650552652717,-7.5432,1.075,1.047929411764706,1.3234941585675395,-0.1851,4.854,-0.288178431372549,2.6458123515719842,-7.2322,2.9565,-170.6504411764706,385.6982093110067,-1024.0,94.656,-171.3887254901961,340.8907581196581,-1024.0,107.188,7.0539411764705875,189.60837555752954,-669.406,372.438
forehand,101,7.663004643309387,-0.4085504950495049,1.8685618665787944,-6.1592,0.9121,0.7564138613861386,1.1365077725363715,-0.3943,3.4016,-0.5249871287128712,2.5574131885874567,-5.9856,3.3423,-211.63582178217823,382.98179188733707,-1024.0,192.625,-189.14447524752475,345.5220625241784,-1024.0,48.688,-3.2228019801980197,137.0317140307973,-510.969,219.812
forehand,100,8.198866299713243,-0.297943,1.7390751530773476,-6.1267,0.8845,0.571595,0.8683718684267703,-0.3547,2.2856,-0.20406000000000002,2.4633358169360506,-7.2739,3.3362,-160.83155,338.3566703948475,-1024.0,155.406,-193.18901999999997,328.64502514904984,-1024.0,32.188,-41.72633,116.45965867982397,-565.062,69.031
forehand,98,10.693691604023085,0.15009183673469387,0.9652128088996609,-3.6921,0.7102,1.5743959183673468,2.5235765263350056,-0.446,7.9998,-0.05388979591836734,2.950021681500739,-8.0,3.8555,-243.60844897959186,425.94406094101237,-1024.0,117.656,20.68848979591837,71.97220228845228,-177.75,149.438,81.39317346938776,112.96786258553084,-108.062,439.781
forehand,102,10.887012084203498,0.25179117647058824,0.6764894432900854,-3.6475,1.0483,1.0858490196078432,2.1880465115743686,-0.6809,7.9998,0.08924313725490195,2.7213379557334747,-8.0,3.7896,-200.2760588235294,384.5270240820641,-1024.0,72.625,12.237117647058822,85.23377398192483,-240.094,265.906,27.148333333333333,67.98112107096617,-163.969,240.281
forehand,103,7.674404931751804,0.17318058252427182,0.6903415396530433,-2.4558,0.7463,1.1361388349514563,1.91295905691766,-0.5762,7.4055,-0.35128834951456317,2.411237041469695,-6.5203,2.1733,-249.9593786407767,394.875422489123,-1024.0,238.25,8.009106796116505,51.14497336933278,-138.844,145.25,30.28301941747573,88.83553788042529,-173.25,230.188
forehand,101,11.286385647943824,0.10355148514851485,1.2409259931670367,-4.7915,1.1836,1.239308910891089,2.504187031183637,-0.6589,7.9998,-0.20532079207920792,2.686816236068141,-8.0,2.9177,-174.85922772277226,405.3767792401367,-1024.0,111.062,28.301980198019802,83.91930429989172,-125.75,230.188,67.10862376237624,208.05063456659155,-86.531,732.375
forehand,97,11.125626741739993,0.08611030927835052,1.2438489514890958,-5.0581,0.8264,1.5117690721649486,2.651691638879465,-0.6846,7.9998,0.023656701030927842,2.6956925422709275,-8.0,3.3298,-229.62598969072167,419.0086364764152,-1024.0,84.875,11.134670103092784,109.25094357286471,-281.844,390.875,97.82703092783505,172.50629806333015,-21.969,629.094
forehand,98,10.734541874738868,0.07710510204081633,1.1475865027528425,-4.1343,0.783,1.5691948979591839,2.7392095854711873,-0.7,7.9998,0.07577448979591837,2.6486096697544124,-7.6804,3.8933,-263.8845714285714,439.26517989206957,-1024.0,117.406,17.74869387755102,100.10942412643625,-177.562,332.719,87.50320408163266,149.40201552098907,-43.312,515.875
serve,102,9.927377612675423,-0.32094901960784317,1.5969036597670725,-5.085,0.8198,1.5726823529411764,2.5390928726927595,-0.5024,7.9998,0.09257941176470585,2.769299103841423,-8.0,4.2576,-246.16606862745095,414.3369386050359,-1024.0,96.781,-63.766813725490195,203.9707122730398,-553.562,354.312,136.96719607843139,207.96080522654108,-41.219,695.875
serve,101,10.1925193459739,-0.22643168316831686,1.3673231083977748,-5.4241,0.6265,1.2759415841584159,2.217279669756236,-0.5642,7.9998,0.2010089108910891,2.66229951477219,-7.5923,2.959,-249.35770297029703,408.2262191287684,-1024.0,106.312,-20.989485148514852,248.32998787327492,-505.5,697.75,98.46630693069307,176.86785900156332,-77.0,707.438
serve,103,9.44511444121126,-0.10942912621359224,1.1672581867313974,-4.2556,0.6221,1.467104854368932,2.5746823140585615,-0.5515,7.9998,0.2629233009708738,2.4443263198086895,-6.8809,3.321,-258.9812427184466,395.9024543612621,-1024.0,49.438,-4.198766990291261,130.70199424513171,-388.469,321.844,57.449019417475725,108.68173500549874,-16.344,448.062
serve,103,10.677196973589167,0.15502815533980582,0.8493410467375848,-3.9946,0.9546,0.8975194174757282,1.9579974941254656,-0.7407,7.8396,0.27583883495145634,2.5295652474320796,-8.0,4.0049,-202.03550485436892,362.04864316501533,-1024.0,108.094,-7.309514563106796,116.79460619044796,-342.469,290.75,73.5603786407767,127.23218426940342,-6.938,561.125
serve,99,10.618418354061795,0.04790101010101009,1.1223330910076104,-4.3875,1.0149,1.2649949494949495,2.5310799151435694,-0.6934,7.9998,0.16628989898989902,2.5791025605190163,-8.0,3.9683,-265.6688686868687,407.7152707999638,-1024.0,68.906,-8.676404040404039,112.77172297193553,-342.938,205.594,73.42611111111111,139.05975616164127,-18.688,474.75
serve,98,10.983885693713871,0.051821428571428574,1.2193731402458647,-4.8655,0.8899,1.3123642857142856,2.5488858872804703,-0.7578,7.9998,0.39919591836734697,2.3305473696160215,-8.0,4.197,-236.22542857142858,397.26532462782734,-1024.0,85.031,0.3310102040816318,143.80702157855788,-408.656,362.75,75.0270612244898,161.04252207064383,-56.625,568.156
serve,98,9.843193638868579,0.11436836734693878,1.0454284680237464,-3.697,0.9893,1.2235734693877551,2.446941812338331,-0.6973,7.9998,0.4451520408163265,2.4140000745324706,-7.3271,3.6863,-212.66963265306123,404.4975900197976,-1024.0,101.969,25.563112244897958,207.99509500647534,-337.375,776.625,76.99836734693878,163.69146126081773,-44.219,574.75
serve,102,11.033194972657927,-0.11245196078431373,0.9835090577182309,-4.1794,0.6829,1.1563156862745096,2.469836340245458,-0.6775,7.9998,-0.015228431372549011,2.76356713461515,-8.0,3.5315,-160.7013039215686,371.79085104219837,-1024.0,103.0,-9.454019607843136,118.30614712916922,-266.844,388.969,54.48932352941176,98.42713847977546,-81.25,398.5
serve,102,10.099814317816312,-0.21474803921568628,1.5469525745756887,-6.2832,1.0095,1.1666823529411765,2.34102186986341,-0.8091,7.9998,0.0642450980392157,2.543910450838971,-6.6177,3.7607,-238.0392156862745,426.5271600808785,-1024.0,86.312,-52.90069607843137,165.0070252200683,-669.281,172.938,51.00614705882354,130.42560958243195,-62.25,374.781
serve,102,9.450379484497201,0.038940196078431376,1.0337132437223684,-3.9924,0.6777,1.2837382352941176,2.5875933657132375,-0.9209,7.9998,-0.10863039215686275,2.5240582581523165,-6.3567,4.261,-246.82019607843137,426.59222198853837,-1024.0,90.188,-5.94785294117647,155.73114062259876,-541.781,299.906,25.23466666666667,82.08330777855679,-58.594,291.75
serve,101,10.222276109595594,0.005015841584158411,0.9826470332862517,-3.8245,0.8804,1.198789108910891,2.5544025807485493,-0.7939,7.9998,-0.11703762376237625,2.8435106534367365,-8.0,3.7053,-232.18846534653466,431.7992642959298,-1024.0,94.656,-16.889841584158415,159.09725397414476,-531.125,301.031,-9.11668316831683,33.15975722747026,-105.875,55.062
serve,99,10.41805282042433,0.10263333333333334,0.8308446375328974,-3.1018,0.7566,1.1750343434343435,2.5250823477385707,-0.8809,7.9998,0.040030303030303034,2.8827645859961657,-8.0,4.3691,-205.43560606060606,421.3406146385562,-1024.0,125.594,-11.693848484848486,105.02773099581157,-309.562,204.75,33.06691919191919,91.30920103920367,-44.844,326.031
serve,103,10.355258102306614,-0.0861990291262136,0.9034554658293465,-3.7876,0.439,1.4319757281553396,2.461491063447173,-0.5698,7.9998,-0.026570873786407757,2.704552084252255,-8.0,3.2932,-278.57282524271847,412.8629667770766,-1024.0,33.0,-17.75490291262136,148.63185988980038,-507.812,151.5,23.768203883495147,74.57892017541718,-113.062,210.656
serve,102,10.348020404017609,0.18460098039215686,0.439765491092584,-1.6499,0.6836,0.8961039215686275,1.9529538792543015,-0.8704,7.9998,0.08575882352941178,2.6746362607876577,-8.0,3.6941,-189.6819901960784,366.0205646091941,-1024.0,60.625,-9.421,65.63132893791548,-166.969,179.469,31.58514705882353,53.505819007420534,-37.812,186.469
serve,101,10.412689360531987,-0.08026435643564356,0.9960912838983429,-4.175,0.71,1.3508079207920793,2.5976455901863305,-0.6543,7.9998,0.3241207920792079,2.483871448552446,-8.0,3.1929,-222.01020792079208,423.02447803518055,-1024.0,84.469,-16.37372277227723,120.23736488610696,-368.062,328.719,54.303207920792076,76.79353614265592,-78.219,292.031
serve,98,9.112709471748904,-0.02409183673469388,0.8491424020227426,-2.9495,0.7612,1.302592857142857,2.4526205378957755,-0.761,7.9998,0.15184489795918366,2.713000009369944,-7.9841,4.4924,-267.53413265306125,409.034880915184,-1024.0,50.625,-20.330979591836734,117.39776517924528,-417.656,266.594,64.19383673469387,109.58553751011813,-23.0,339.688
serve,103,10.652458284842732,-0.05023009708737863,1.000967140652969,-4.4814,0.801,1.1391776699029126,2.4667026368075673,-0.793,7.9998,0.0007660194174757338,2.741087720728546,-8.0,3.9875,-216.41142718446602,413.88225979357577,-1024.0,68.656,-31.821029126213595,163.10824235948684,-605.844,345.625,25.748174757281554,79.31034269486689,-79.375,249.406
serve,103,2.9684925929123263,0.05021067961165049,0.4101729589986557,-0.9871,0.5369,0.4555106796116505,0.5472970079714392,-0.5869,1.6873,-0.40605436893203883,1.59570703942948,-3.8989,1.7798,-333.6975436893204,321.6015391636409,-915.938,38.594,-13.690543689320387,59.87366888558698,-142.656,110.688,32.02640776699029,46.666002660392344,-36.281,128.844
serve,98,1.5260430657453172,0.027012244897959187,0.2568135062509751,-0.4961,0.4246,0.4124520408163265,0.4648921404925592,-0.4563,1.4646,-0.5341530612244898,1.3522835534077753,-2.3555,1.1099,-345.11452040816323,235.29622944953442,-835.062,-5.375,-39.44225510204082,59.73307276428607,-194.219,31.906,23.251255102040815,36.7405231421853,-47.719,91.469
serve,98,3.11301022245265,0.027544897959183676,0.21257358827745476,-0.6797,0.3083,0.5294132653061224,0.5308332088710711,-0.2871,1.874,-0.6020316326530613,1.5679303900623291,-4.0037,1.3621,-358.91580612244894,287.38113994394763,-877.188,-36.625,-41.9948775510204,43.76632143258225,-122.906,71.906,25.46015306122449,17.807381915965696,-9.812,73.0
serve,102,2.711668887441335,0.12865392156862746,0.40215645664576394,-1.0642,0.5723,0.7487088235294118,0.8315562094242032,-0.4966,2.4915,-0.41079509803921566,1.5707811482075427,-3.4802,1.2214,-372.6148921568627,360.6400934957532,-1024.0,20.125,-18.245078431372548,68.28734194846074,-109.312,205.906,21.040715686274506,39.54408905914011,-93.156,81.156
serve,105,2.7184626514192662,0.02193904761904762,0.42047946045646467,-1.0176,0.5469,0.6892295238095238,0.7738956171675879,-0.3765,2.5095,-0.2681104761904762,1.6222603380365435,-3.4275,1.4602,-378.5298095238095,347.26897363960774,-1024.0,-4.031,-39.078895238095235,71.80070698762205,-186.625,101.25,37.35154285714285,37.824836516822565,-46.0,99.531
serve,99,4.07630018221933,-0.007256565656565658,0.5038039459871724,-1.5701,0.4854,0.7259131313131313,0.9722232728400463,-0.5481,3.4329,-0.41234242424242423,1.8454377408002365,-4.9409,1.481,-347.8722222222222,373.20649620764505,-1024.0,108.688,-42.69726262626262,75.53669247613412,-232.406,80.625,38.250343434343435,38.0762457438054,-13.406,103.812
serve,99,11.199163671334194,0.013718181818181815,1.0893643910267576,-4.9888,1.0098,1.5409656565656566,2.836484379898184,-0.7019,7.9998,0.10457979797979798,3.2050646272177388,-8.0,5.5083,-216.42230303030303,418.33345179680697,-1024.0,100.75,10.055010101010103,184.83150756042787,-554.281,555.062,52.31752525252526,120.89161486084758,-86.969,479.281
serve,98,11.088419713924562,0.04925204081632653,1.0749869696628023,-4.6296,0.8196,1.3533081632653061,2.545263968856246,-0.8098,7.9998,-0.0001193877551020465,2.817774723967883,-8.0,3.7236,-227.63391836734695,430.36875181375336,-1024.0,218.969,-6.531897959183674,154.87035403105358,-343.375,503.031,83.47672448979591,178.52887018046658,-51.938,640.875
serve,99,10.605708672890252,-0.043957575757575765,0.8449206531499722,-3.4436,1.115,1.1779575757575758,2.5035133571669466,-0.8804,7.9998,0.34447575757575755,2.3155903241094427,-8.0,4.0002,-192.8551111111111,391.832754875329,-1024.0,90.594,-15.18941414141414,140.53724092570732,-505.312,226.125,17.890151515151516,61.77750793185148,-71.312,232.438
serve,102,10.904406645020154,0.16705882352941176,0.96944396134426,-4.9768,1.719,1.0925166666666666,2.1607012984206615,-0.7041,7.9998,-0.019320588235294117,3.042061827417554,-8.0,3.0083,-192.7932843137255,410.6649339338217,-1024.0,190.25,-0.2514901960784307,143.3689858061814,-304.281,531.969,32.89429411764706,105.49967831849371,-148.625,361.656
serve,99,10.72126103668031,0.11293232323232325,0.8044201409696508,-3.3003,0.698,1.2776080808080807,2.483626710946844,-0.8047,7.9998,0.16386262626262627,2.8264791140817893,-8.0,4.0017,-230.84786868686868,407.4792730263885,-1024.0,79.781,7.360131313131314,104.24203929188181,-311.844,281.281,24.066252525252526,90.38998509258225,-85.875,250.5
serve,102,11.23379847144786,0.04914313725490196,1.1534557215899486,-5.0935,1.0081,1.1609519607843137,2.311534766515503,-0.7063,7.9998,0.12167549019607841,2.9282509669725614,-8.0,4.4583,-165.87097058823528,377.9858930976558,-1024.0,82.688,0.15958823529411803,126.71961167377376,-446.938,446.562,36.521764705882354,143.31423836890164,-63.094,591.75
serve,99,10.840192804595707,0.05196767676767677,0.9325800810879875,-3.7151,0.5962,1.2943959595959595,2.6430930097454937,-0.7285,7.9998,0.24375656565656567,2.7909489453929868,-8.0,4.1646,-232.18405050505052,415.4323804326121,-1024.0,107.562,-7.723757575757575,98.66995743837495,-357.688,202.594,62.96622222222222,112.6701099353307,-12.344,421.438
serve,103,3.504067648248636,0.1484271844660194,0.3948170037441027,-0.8218,0.6487,0.5705048543689321,0.862257678398411,-0.4304,2.9751,-0.2723378640776699,1.7086135379202547,-4.1257,1.3777,-322.2354077669903,361.514900057496,-1024.0,27.75,-14.244524271844659,43.77054104104849,-112.906,119.406,52.10979611650485,43.31552548975456,-11.344,125.156
serve,98,7.371910021613944,0.10676122448979591,1.0772043533631968,-2.7485,1.4094,1.4250459183673472,2.2608290577125962,-0.5791,6.9119,-0.22922244897959188,2.6116918868704677,-6.9829,2.2153,-314.6814183673469,445.07240981350725,-1024.0,295.375,-4.593408163265306,150.9728641486329,-274.062,488.219,50.64701020408163,134.29223949917574,-219.656,377.219
serve,102,3.544511857174542,0.12047549019607844,0.46834687464261443,-1.2258,0.6489,0.46498333333333336,0.8797623950709906,-0.5342,2.8638,-0.3163823529411765,1.5813353274760782,-4.5212,1.55,-328.838862745098,353.55721835616066,-1024.0,9.156,-4.019666666666667,47.45626586665386,-118.812,147.188,39.08667647058824,49.93495708225945,-43.562,132.0
serve,99,11.104310400844817,-0.11270707070707071,1.1923822743280879,-4.7966,0.5906,1.704719191919192,2.898671219354568,-0.7488,7.9998,0.10403737373737369,3.1943302005615144,-8.0,5.0342,-262.25757575757575,427.5162531466226,-1024.0,212.562,-7.742707070707071,209.99004527575633,-600.625,510.031,54.865868686868694,138.88692587927375,-114.406,482.344
serve,103,8.856084412179108,0.10353689320388348,0.6916152120590704,-2.8645,0.697,0.6541330097087378,1.7422163036813976,-0.8037,7.4202,0.07799805825242719,2.4255165404019037,-8.0,3.6184,-205.23753398058253,361.4059915546346,-1024.0,39.781,-13.913223300970873,73.87080217461437,-286.156,79.312,44.15046601941747,91.96259291192152,-44.875,413.188
forehand,79,7.489127828581685,0.7909999999999999,0.667271788324421,-0.7839,2.3333,0.8567531645569619,2.1942835871231035,-0.988,7.9998,0.9483632911392404,0.8671792693025795,0.0354,2.9565,135.09254430379747,257.761031382877,-1024.0,328.312,141.68236708860758,83.78598404859746,50.344,473.688,79.00553164556962,292.3102267765323,-147.688,1023.969
